Name,Product__c
A-0001,a03Q800000bSA2NIAW
A-00002,a03Q800000bX7SvIAK
A-00007,a03Q800000bX889IAC
A-00008,a03Q800000bX889IAC
A-00016,a03Q800000bX7SvIAK
A-00018,a03Q800000bX7yZIAS
A-00019,a03Q800000bX7yZIAS
A-00020,a03Q800000bX7SvIAK
A-00021,a03Q800000bX8QmIAK
A-00022,a03Q800000bX7yYIAS
A-00023,a03Q800000bX7yYIAS
A-00024,a03Q800000bX8QFIA0
A-00025,a03Q800000bX8QEIA0
A-00026,a03Q800000bX8CpIAK
A-00027,a03Q800000bX89bIAC
A-00028,a03Q800000bX8BSIA0
A-00029,a03Q800000bX8C3IAK
A-00030,a03Q800000bX8CwIAK
A-00031,a03Q800000bX8CwIAK
A-00032,a03Q800000bX8C3IAK
A-00033,a03Q800000bX8FFIA0
A-00034,a03Q800000bX888IAC
A-00035,a03Q800000bX8CwIAK
A-00036,a03Q800000bX7yZIAS
A-00037,a03Q800000bX8FFIA0
A-00038,a03Q800000bX8L9IAK
A-00039,a03Q800000bX8C9IAK
A-00040,a03Q800000bX889IAC
A-00041,a03Q800000bX8FFIA0
A-00042,a03Q800000bWuXmIAK
A-00043,a03Q800000bX7yZIAS
A-00044,a03Q800000bX8CuIAK
A-00045,a03Q800000bX7yYIAS
A-00046,a03Q800000bX888IAC
A-00047,a03Q800000bX8CuIAK
A-00048,a03Q800000bX8FFIA0
A-00049,a03Q800000bX889IAC
A-00050,a03Q800000bX89bIAC
A-00051,a03Q800000bX888IAC
A-00052,a03Q800000bX8CwIAK
A-00053,a03Q800000bX888IAC
A-00054,a03Q800000bX7yYIAS
A-00055,a03Q800000bX89bIAC
A-00056,a03Q800000bX889IAC
A-00057,a03Q800000bX8BRIA0
A-00058,a03Q800000bX89bIAC
A-00059,a03Q800000bWuXmIAK
A-00060,a03Q800000bX8BYIA0
A-00061,a03Q800000bX8BYIA0
A-00062,a03Q800000bX888IAC
A-00063,a03Q800000bX8JFIA0
A-00064,a03Q800000bWuXmIAK
A-00065,a03Q800000bX8CwIAK
A-00066,a03Q800000bX89bIAC
A-00067,a03Q800000bX8CwIAK
A-00068,a03Q800000bX7yYIAS
A-00069,a03Q800000bX7yYIAS
A-00070,a03Q800000bX7yYIAS
A-00071,a03Q800000bX7yYIAS
A-00072,a03Q800000bX7yYIAS
A-00073,a03Q800000bX8CwIAK
A-00074,a03Q800000bX8BXIA0
A-00075,a03Q800000bX8BXIA0
A-00076,a03Q800000bX8CwIAK
A-00077,a03Q800000bX8JFIA0
A-00078,a03Q800000bX8C3IAK
A-00079,a03Q800000bX8FFIA0
A-00080,a03Q800000bX89bIAC
A-00081,a03Q800000bX889IAC
A-00082,a03Q800000bX89bIAC
A-00083,a03Q800000bX889IAC
A-00084,a03Q800000bX8CuIAK
A-00085,a03Q800000bX89bIAC
A-00086,a03Q800000bX89bIAC
A-00087,a03Q800000bX888IAC
A-00088,a03Q800000bX889IAC
A-00089,a03Q800000bX888IAC
A-00090,a03Q800000bX89bIAC
A-00091,a03Q800000bX8CwIAK
A-00092,a03Q800000bX8CwIAK
A-00093,a03Q800000bX7yYIAS
A-00094,a03Q800000bX8BTIA0
A-00095,a03Q800000bX8BUIA0
A-00096,a03Q800000bX8BYIA0
A-00097,a03Q800000bX7SvIAK
A-00098,a03Q800000bX8BYIA0
A-00099,a03Q800000bX89bIAC
A-00100,a03Q800000bX8BVIA0
A-00101,a03Q800000bX8BVIA0
A-00102,a03Q800000bX8BXIA0
A-00103,a03Q800000bX8BXIA0
A-00104,a03Q800000bX8BXIA0
A-00105,a03Q800000bX89bIAC
A-00106,a03Q800000bX8CwIAK
A-00107,a03Q800000bX8FFIA0
A-00108,a03Q800000bX7yYIAS
A-00109,a03Q800000bX8CwIAK
A-00110,a03Q800000bX889IAC
A-00111,a03Q800000bX7yYIAS
A-00112,a03Q800000bX8CvIAK
A-00113,a03Q800000bX8CwIAK
A-00114,a03Q800000bX89bIAC
A-00115,a03Q800000bX889IAC
A-00116,a03Q800000bX8BXIA0
A-00117,a03Q800000bX8CwIAK
A-00118,a03Q800000bX8FFIA0
A-00119,a03Q800000bX889IAC
A-00120,a03Q800000bX7yZIAS
A-00121,a03Q800000bX7yZIAS
A-00122,a03Q800000bX8HtIAK
A-00123,a03Q800000bX8HtIAK
A-00124,a03Q800000bX889IAC
A-00125,a03Q800000bX89bIAC
A-00126,a03Q800000bX8CwIAK
A-00127,a03Q800000bX7yYIAS
A-00128,a03Q800000bX7yYIAS
A-00129,a03Q800000bX7yYIAS
A-00130,a03Q800000bX7yYIAS
A-00131,a03Q800000bX7yYIAS
A-00132,a03Q800000bX7yZIAS
A-00133,a03Q800000bX888IAC
A-00134,a03Q800000bX8CwIAK
A-00135,a03Q800000bX8CwIAK
A-00136,a03Q800000bX8KtIAK
A-00137,a03Q800000bX8C3IAK
A-00138,a03Q800000bX888IAC
A-00139,a03Q800000bX889IAC
A-00140,a03Q800000bWuXmIAK
A-00141,a03Q800000bX7yYIAS
A-00142,a03Q800000bX888IAC
A-00143,a03Q800000bX7yYIAS
A-00144,a03Q800000bWuXmIAK
A-00145,a03Q800000bX8JDIA0
A-00146,a03Q800000bX7yYIAS
A-00147,a03Q800000bWuXmIAK
A-00148,a03Q800000bX7yYIAS
A-00149,a03Q800000bX7yYIAS
A-00150,a03Q800000bWuXmIAK
A-00151,a03Q800000bX8JDIA0
A-00152,a03Q800000bX889IAC
A-00153,a03Q800000bX8JFIA0
A-00154,a03Q800000bX889IAC
A-00155,a03Q800000bX89bIAC
A-00156,a03Q800000bX889IAC
A-00157,a03Q800000bX8BYIA0
A-00158,a03Q800000bX83CIAS
A-00159,a03Q800000bX8CwIAK
A-00160,a03Q800000bX8CwIAK
A-00161,a03Q800000bX8CwIAK
A-00162,a03Q800000bX8FGIA0
A-00163,a03Q800000bX8BYIA0
A-00164,a03Q800000bX8FFIA0
A-00165,a03Q800000bX89bIAC
A-00166,a03Q800000bX8JDIA0
A-00167,a03Q800000bX8BYIA0
A-00168,a03Q800000bX8JFIA0
A-00169,a03Q800000bX7yYIAS
A-00170,a03Q800000bX89bIAC
A-00171,a03Q800000bX8C3IAK
A-00172,a03Q800000bX8FFIA0
A-00173,a03Q800000bX8BYIA0
A-00174,a03Q800000bX7yZIAS
A-00175,a03Q800000bX87hIAC
A-00176,a03Q800000bX87hIAC
A-00177,a03Q800000bX8FFIA0
A-00178,a03Q800000bWuXmIAK
A-00179,a03Q800000bX8FEIA0
A-00180,a03Q800000bX8BYIA0
A-00181,a03Q800000bX89JIAS
A-00182,a03Q800000bX888IAC
A-00183,a03Q800000bX8LBIA0
A-00184,a03Q800000bX8HwIAK
A-00185,a03Q800000bX8HxIAK
A-00186,a03Q800000bWzlVIAS
A-00187,a03Q800000bX889IAC
A-00212,a03Q800000bX87vIAC
A-00213,a03Q800000bX880IAC
A-00214,a03Q800000bX883IAC
A-00215,a03Q800000bX881IAC
A-00216,a03Q800000bX882IAC
A-00217,a03Q800000bX8AAIA0
A-00218,a03Q800000bX886IAC
A-00219,a03Q800000bX8JDIA0
A-00220,a03Q800000bWuX7IAK
A-00221,a03Q800000bWuXmIAK
A-00222,a03Q800000bX7yYIAS
A-00223,a03Q800000bX7yYIAS
A-00224,a03Q800000bX83CIAS
A-00225,a03Q800000bX8BYIA0
A-00226,a03Q800000bX7SvIAK
A-00227,a03Q800000bX8FEIA0
A-00228,a03Q800000bSA2NIAW
A-00229,a03Q800000bX7yZIAS
A-00230,a03Q800000bX89bIAC
A-00231,a03Q800000bX889IAC
A-00232,a03Q800000bX8BVIA0
A-00233,a03Q800000bX8BVIA0
A-00234,a03Q800000bX8BSIA0
A-00235,a03Q800000bX8JFIA0
A-00236,a03Q800000bX8JFIA0
A-00237,a03Q800000bX7yYIAS
A-00239,a03Q800000bX7yZIAS
A-00238,a03Q800000bX7yYIAS
A-00240,a03Q800000bX89bIAC
A-00241,a03Q800000bSA2NIAW
A-00242,a03Q800000bWuXmIAK
A-00243,a03Q800000bX8BYIA0
A-00244,a03Q800000bX8BYIA0
A-00245,a03Q800000bX8L2IAK
A-00246,a03Q800000bX7SvIAK
A-00247,a03Q800000bX7yYIAS
A-00248,a03Q800000bX7SvIAK
A-00249,a03Q800000bX89aIAC
A-00250,a03Q800000bWavgIAC
A-00251,a03Q800000bX8BYIA0
A-00252,a03Q800000bWasyIAC
A-00253,a03Q800000bX7yYIAS
A-00254,a03Q800000bX83CIAS
A-00255,a03Q800000bX7yYIAS
A-00256,a03Q800000bX889IAC
A-00257,a03Q800000bWavgIAC
A-00258,a03Q800000bX89aIAC
A-00259,a03Q800000bX8JGIA0